{"flightCoverage":0.3850931677018634,"numFlights":322,"numStaff":24,"staffUtility":0.7060185185185185,"utilityByStaffType":[{"groupType":"I","lisence":false,"numStaff":3,"utility":0.6111111111111112},{"groupType":"I","lisence":true,"numStaff":4,"utility":0.7083333333333334},{"groupType":"D","lisence":false,"numStaff":8,"utility":0.7152777777777777},{"groupType":"D","lisence":true,"numStaff":9,"utility":0.7283950617283952}]}
